{
    "AAPL": {
        "SVM": {
            "Accuracy": 0.6458333333333334,
            "Precision": 0.6153846153846154,
            "Recall": 0.9230769230769231,
            "F1 Score": 0.7384615384615385,
            "Confusion Matrix": [
                [
                    7,
                    15
                ],
                [
                    2,
                    24
                ]
            ]
        },
        "MLP": {
            "Accuracy": 0.5625,
            "Precision": 0.5609756097560976,
            "Recall": 0.8846153846153846,
            "F1 Score": 0.6865671641791045,
            "Confusion Matrix": [
                [
                    4,
                    18
                ],
                [
                    3,
                    23
                ]
            ]
        },
        "RANDOM FOREST": {
            "Accuracy": 0.6041666666666666,
            "Precision": 0.5777777777777777,
            "Recall": 1.0,
            "F1 Score": 0.7323943661971831,
            "Confusion Matrix": [
                [
                    3,
                    19
                ],
                [
                    0,
                    26
                ]
            ]
        },
        "XGBOOST": {
            "Accuracy": 0.5416666666666666,
            "Precision": 0.5555555555555556,
            "Recall": 0.7692307692307693,
            "F1 Score": 0.6451612903225806,
            "Confusion Matrix": [
                [
                    6,
                    16
                ],
                [
                    6,
                    20
                ]
            ]
        }
    },
    "PETR4.SA": {
        "SVM": {
            "Accuracy": 0.5416666666666666,
            "Precision": 0.5416666666666666,
            "Recall": 0.5416666666666666,
            "F1 Score": 0.5416666666666666,
            "Confusion Matrix": [
                [
                    13,
                    11
                ],
                [
                    11,
                    13
                ]
            ]
        },
        "MLP": {
            "Accuracy": 0.5416666666666666,
            "Precision": 0.6,
            "Recall": 0.25,
            "F1 Score": 0.35294117647058826,
            "Confusion Matrix": [
                [
                    20,
                    4
                ],
                [
                    18,
                    6
                ]
            ]
        },
        "RANDOM FOREST": {
            "Accuracy": 0.4791666666666667,
            "Precision": 0.48148148148148145,
            "Recall": 0.5416666666666666,
            "F1 Score": 0.5098039215686274,
            "Confusion Matrix": [
                [
                    10,
                    14
                ],
                [
                    11,
                    13
                ]
            ]
        },
        "XGBOOST": {
            "Accuracy": 0.6041666666666666,
            "Precision": 0.5806451612903226,
            "Recall": 0.75,
            "F1 Score": 0.6545454545454545,
            "Confusion Matrix": [
                [
                    11,
                    13
                ],
                [
                    6,
                    18
                ]
            ]
        }
    },
    "IVVB11.SA": {
        "SVM": {
            "Accuracy": 0.3333333333333333,
            "Precision": 0.3333333333333333,
            "Recall": 0.3333333333333333,
            "F1 Score": 0.3333333333333333,
            "Confusion Matrix": [
                [
                    8,
                    16
                ],
                [
                    16,
                    8
                ]
            ]
        },
        "MLP": {
            "Accuracy": 0.4583333333333333,
            "Precision": 0.4375,
            "Recall": 0.2916666666666667,
            "F1 Score": 0.35,
            "Confusion Matrix": [
                [
                    15,
                    9
                ],
                [
                    17,
                    7
                ]
            ]
        },
        "RANDOM FOREST": {
            "Accuracy": 0.5208333333333334,
            "Precision": 0.5161290322580645,
            "Recall": 0.6666666666666666,
            "F1 Score": 0.5818181818181818,
            "Confusion Matrix": [
                [
                    9,
                    15
                ],
                [
                    8,
                    16
                ]
            ]
        },
        "XGBOOST": {
            "Accuracy": 0.4166666666666667,
            "Precision": 0.4166666666666667,
            "Recall": 0.4166666666666667,
            "F1 Score": 0.4166666666666667,
            "Confusion Matrix": [
                [
                    10,
                    14
                ],
                [
                    14,
                    10
                ]
            ]
        }
    },
    "VALE3.SA": {
        "SVM": {
            "Accuracy": 0.5416666666666666,
            "Precision": 0.5909090909090909,
            "Recall": 0.5,
            "F1 Score": 0.5416666666666666,
            "Confusion Matrix": [
                [
                    13,
                    9
                ],
                [
                    13,
                    13
                ]
            ]
        },
        "MLP": {
            "Accuracy": 0.4791666666666667,
            "Precision": 0.5555555555555556,
            "Recall": 0.19230769230769232,
            "F1 Score": 0.2857142857142857,
            "Confusion Matrix": [
                [
                    18,
                    4
                ],
                [
                    21,
                    5
                ]
            ]
        },
        "RANDOM FOREST": {
            "Accuracy": 0.5208333333333334,
            "Precision": 0.5652173913043478,
            "Recall": 0.5,
            "F1 Score": 0.5306122448979592,
            "Confusion Matrix": [
                [
                    12,
                    10
                ],
                [
                    13,
                    13
                ]
            ]
        },
        "XGBOOST": {
            "Accuracy": 0.6041666666666666,
            "Precision": 0.6296296296296297,
            "Recall": 0.6538461538461539,
            "F1 Score": 0.6415094339622641,
            "Confusion Matrix": [
                [
                    12,
                    10
                ],
                [
                    9,
                    17
                ]
            ]
        }
    },
    "BTC-USD": {
        "SVM": {
            "Accuracy": 0.4084507042253521,
            "Precision": 0.40625,
            "Recall": 0.3611111111111111,
            "F1 Score": 0.38235294117647056,
            "Confusion Matrix": [
                [
                    16,
                    19
                ],
                [
                    23,
                    13
                ]
            ]
        },
        "MLP": {
            "Accuracy": 0.5492957746478874,
            "Precision": 0.6428571428571429,
            "Recall": 0.25,
            "F1 Score": 0.36,
            "Confusion Matrix": [
                [
                    30,
                    5
                ],
                [
                    27,
                    9
                ]
            ]
        },
        "RANDOM FOREST": {
            "Accuracy": 0.49295774647887325,
            "Precision": 0.5,
            "Recall": 0.6666666666666666,
            "F1 Score": 0.5714285714285714,
            "Confusion Matrix": [
                [
                    11,
                    24
                ],
                [
                    12,
                    24
                ]
            ]
        },
        "XGBOOST": {
            "Accuracy": 0.49295774647887325,