{
    "AAPL": {
        "SVM": {
            "Accuracy": 0.5833333333333334,
            "Precision": 0.5833333333333334,
            "Recall": 1.0,
            "F1 Score": 0.7368421052631579,
            "Confusion Matrix": [
                [
                    0,
                    10
                ],
                [
                    0,
                    14
                ]
            ]
        },
        "MLP": {
            "Accuracy": 0.5833333333333334,
            "Precision": 0.5833333333333334,
            "Recall": 1.0,
            "F1 Score": 0.7368421052631579,
            "Confusion Matrix": [
                [
                    0,
                    10
                ],
                [
                    0,
                    14
                ]
            ]
        },
        "RANDOM FOREST": {
            "Accuracy": 0.5833333333333334,
            "Precision": 0.6,
            "Recall": 0.8571428571428571,
            "F1 Score": 0.7058823529411765,
            "Confusion Matrix": [
                [
                    2,
                    8
                ],
                [
                    2,
                    12
                ]
            ]
        },
        "XGBOOST": {
            "Accuracy": 0.625,
            "Precision": 0.631578947368421,
            "Recall": 0.8571428571428571,
            "F1 Score": 0.7272727272727273,
            "Confusion Matrix": [
                [
                    3,
                    7
                ],
                [
                    2,
                    12
                ]
            ]
        }
    },
    "PETR4.SA": {
        "SVM": {
            "Accuracy": 0.5416666666666666,
            "Precision": 1.0,
            "Recall": 0.0,
            "F1 Score": 0.0,
            "Confusion Matrix": [
                [
                    13,
                    0
                ],
                [
                    11,
                    0
                ]
            ]
        },
        "MLP": {
            "Accuracy": 0.5416666666666666,
            "Precision": 1.0,
            "Recall": 0.0,
            "F1 Score": 0.0,
            "Confusion Matrix": [
                [
                    13,
                    0
                ],
                [
                    11,
                    0
                ]
            ]
        },
        "RANDOM FOREST": {
            "Accuracy": 0.5,
            "Precision": 0.47058823529411764,
            "Recall": 0.7272727272727273,
            "F1 Score": 0.5714285714285714,
            "Confusion Matrix": [
                [
                    4,
                    9
                ],
                [
                    3,
                    8
                ]
            ]
        },
        "XGBOOST": {
            "Accuracy": 0.5,
            "Precision": 0.47058823529411764,
            "Recall": 0.7272727272727273,
            "F1 Score": 0.5714285714285714,
            "Confusion Matrix": [
                [
                    4,
                    9
                ],
                [
                    3,
                    8
                ]
            ]
        }
    },
    "IVVB11.SA": {
        "SVM": {
            "Accuracy": 0.4166666666666667,
            "Precision": 1.0,
            "Recall": 0.0,
            "F1 Score": 0.0,
            "Confusion Matrix": [
                [
                    10,
                    0
                ],
                [
                    14,
                    0
                ]
            ]
        },
        "MLP": {
            "Accuracy": 0.5833333333333334,
            "Precision": 0.5833333333333334,
            "Recall": 1.0,
            "F1 Score": 0.7368421052631579,
            "Confusion Matrix": [
                [
                    0,
                    10
                ],
                [
                    0,
                    14
                ]
            ]
        },
        "RANDOM FOREST": {
            "Accuracy": 0.5,
            "Precision": 0.6666666666666666,
            "Recall": 0.2857142857142857,
            "F1 Score": 0.4,
            "Confusion Matrix": [
                [
                    8,
                    2
                ],
                [
                    10,
                    4
                ]
            ]
        },
        "XGBOOST": {
            "Accuracy": 0.4166666666666667,
            "Precision": 0.5,
            "Recall": 0.14285714285714285,
            "F1 Score": 0.2222222222222222,
            "Confusion Matrix": [
                [
                    8,
                    2
                ],
                [
                    12,
                    2
                ]
            ]
        }
    },
    "VALE3.SA": {
        "SVM": {
            "Accuracy": 0.5,
            "Precision": 1.0,
            "Recall": 0.0,
            "F1 Score": 0.0,
            "Confusion Matrix": [
                [
                    12,
                    0
                ],
                [
                    12,
                    0
                ]
            ]
        },
        "MLP": {
            "Accuracy": 0.5,
            "Precision": 0.5,
            "Recall": 1.0,
            "F1 Score": 0.6666666666666666,
            "Confusion Matrix": [
                [
                    0,
                    12
                ],
                [
                    0,
                    12
                ]
            ]
        },
        "RANDOM FOREST": {
            "Accuracy": 0.5833333333333334,
            "Precision": 0.5833333333333334,
            "Recall": 0.5833333333333334,
            "F1 Score": 0.5833333333333334,
            "Confusion Matrix": [
                [
                    7,
                    5
                ],
                [
                    5,
                    7
                ]
            ]
        },
        "XGBOOST": {
            "Accuracy": 0.5833333333333334,
            "Precision": 0.5714285714285714,
            "Recall": 0.6666666666666666,
            "F1 Score": 0.6153846153846154,
            "Confusion Matrix": [
                [
                    6,
                    6
                ],
                [
                    4,
                    8
                ]
            ]
        }
    },
    "BTC-USD": {
        "SVM": {
            "Accuracy": 0.37142857142857144,
            "Precision": 1.0,
            "Recall": 0.0,
            "F1 Score": 0.0,
            "Confusion Matrix": [
                [
                    13,
                    0
                ],
                [
                    22,
                    0
                ]
            ]
        },
        "MLP": {
            "Accuracy": 0.6285714285714286,
            "Precision": 0.6285714285714286,
            "Recall": 1.0,
            "F1 Score": 0.7719298245614035,
            "Confusion Matrix": [
                [
                    0,
                    13
                ],
                [
                    0,
                    22
                ]
            ]
        },
        "RANDOM FOREST": {
            "Accuracy": 0.4,
            "Precision": 0.6666666666666666,
            "Recall": 0.09090909090909091,
            "F1 Score": 0.16,
            "Confusion Matrix": [
                [
                    12,
                    1
                ],
                [
                    20,
                    2
                ]
            ]
        },
        "XGBOOST": {
            "Accuracy": 0.42857142857142855,
            "Precision": 0.5833333333333334,
            "Recall": 0.3181818181818182,
            "F1 Score": 0.4117647058823529,