{
    "AAPL": {
        "SVM": {
            "Accuracy": 0.6808510638297872,
            "Precision": 0.6363636363636364,
            "Recall": 0.875,
            "F1 Score": 0.7368421052631579,
            "Confusion Matrix": [
                [
                    11,
                    12
                ],
                [
                    3,
                    21
                ]
            ]
        },
        "MLP": {
            "Accuracy": 0.48936170212765956,
            "Precision": 0.0,
            "Recall": 0.0,
            "F1 Score": 0.0,
            "Confusion Matrix": [
                [
                    23,
                    0
                ],
                [
                    24,
                    0
                ]
            ]
        },
        "RANDOM FOREST": {
            "Accuracy": 0.6170212765957447,
            "Precision": 0.575,
            "Recall": 0.9583333333333334,
            "F1 Score": 0.71875,
            "Confusion Matrix": [
                [
                    6,
                    17
                ],
                [
                    1,
                    23
                ]
            ]
        },
        "XGBOOST": {
            "Accuracy": 0.574468085106383,
            "Precision": 0.5588235294117647,
            "Recall": 0.7916666666666666,
            "F1 Score": 0.6551724137931034,
            "Confusion Matrix": [
                [
                    8,
                    15
                ],
                [
                    5,
                    19
                ]
            ]
        }
    },
    "PETR4.SA": {
        "SVM": {
            "Accuracy": 0.5217391304347826,
            "Precision": 0.48484848484848486,
            "Recall": 0.7619047619047619,
            "F1 Score": 0.5925925925925926,
            "Confusion Matrix": [
                [
                    8,
                    17
                ],
                [
                    5,
                    16
                ]
            ]
        },
        "MLP": {
            "Accuracy": 0.6086956521739131,
            "Precision": 0.5882352941176471,
            "Recall": 0.47619047619047616,
            "F1 Score": 0.5263157894736842,
            "Confusion Matrix": [
                [
                    18,
                    7
                ],
                [
                    11,
                    10
                ]
            ]
        },
        "RANDOM FOREST": {
            "Accuracy": 0.6086956521739131,
            "Precision": 0.5517241379310345,
            "Recall": 0.7619047619047619,
            "F1 Score": 0.64,
            "Confusion Matrix": [
                [
                    12,
                    13
                ],
                [
                    5,
                    16
                ]
            ]
        },
        "XGBOOST": {
            "Accuracy": 0.5434782608695652,
            "Precision": 0.5,
            "Recall": 0.7619047619047619,
            "F1 Score": 0.6037735849056604,
            "Confusion Matrix": [
                [
                    9,
                    16
                ],
                [
                    5,
                    16
                ]
            ]
        }
    },
    "IVVB11.SA": {
        "SVM": {
            "Accuracy": 0.5,
            "Precision": 0.5,
            "Recall": 0.43478260869565216,
            "F1 Score": 0.46511627906976744,
            "Confusion Matrix": [
                [
                    13,
                    10
                ],
                [
                    13,
                    10
                ]
            ]
        },
        "MLP": {
            "Accuracy": 0.5,
            "Precision": 0.0,
            "Recall": 0.0,
            "F1 Score": 0.0,
            "Confusion Matrix": [
                [
                    23,
                    0
                ],
                [
                    23,
                    0
                ]
            ]
        },
        "RANDOM FOREST": {
            "Accuracy": 0.5434782608695652,
            "Precision": 0.5416666666666666,
            "Recall": 0.5652173913043478,
            "F1 Score": 0.5531914893617021,
            "Confusion Matrix": [
                [
                    12,
                    11
                ],
                [
                    10,
                    13
                ]
            ]
        },
        "XGBOOST": {
            "Accuracy": 0.5,
            "Precision": 0.5,
            "Recall": 0.30434782608695654,
            "F1 Score": 0.3783783783783784,
            "Confusion Matrix": [
                [
                    16,
                    7
                ],
                [
                    16,
                    7
                ]
            ]
        }
    },
    "VALE3.SA": {
        "SVM": {
            "Accuracy": 0.5869565217391305,
            "Precision": 0.6,
            "Recall": 0.625,
            "F1 Score": 0.6122448979591837,
            "Confusion Matrix": [
                [
                    12,
                    10
                ],
                [
                    9,
                    15
                ]
            ]
        },
        "MLP": {
            "Accuracy": 0.4782608695652174,
            "Precision": 0.0,
            "Recall": 0.0,
            "F1 Score": 0.0,
            "Confusion Matrix": [
                [
                    22,
                    0
                ],
                [
                    24,
                    0
                ]
            ]
        },
        "RANDOM FOREST": {
            "Accuracy": 0.5652173913043478,
            "Precision": 0.5833333333333334,
            "Recall": 0.5833333333333334,
            "F1 Score": 0.5833333333333334,
            "Confusion Matrix": [
                [
                    12,
                    10
                ],
                [
                    10,
                    14
                ]
            ]
        },
        "XGBOOST": {
            "Accuracy": 0.5869565217391305,
            "Precision": 0.5862068965517241,
            "Recall": 0.7083333333333334,
            "F1 Score": 0.6415094339622641,
            "Confusion Matrix": [
                [
                    10,
                    12
                ],
                [
                    7,
                    17
                ]
            ]
        }
    },
    "BTC-USD": {
        "SVM": {
            "Accuracy": 0.4,
            "Precision": 0.35294117647058826,
            "Recall": 0.16216216216216217,
            "F1 Score": 0.2222222222222222,
            "Confusion Matrix": [
                [
                    22,
                    11
                ],
                [
                    31,
                    6
                ]
            ]
        },
        "MLP": {
            "Accuracy": 0.42857142857142855,
            "Precision": 0.3333333333333333,
            "Recall": 0.08108108108108109,
            "F1 Score": 0.13043478260869565,
            "Confusion Matrix": [
                [
                    27,
                    6
                ],
                [
                    34,
                    3
                ]
            ]
        },
        "RANDOM FOREST": {
            "Accuracy": 0.42857142857142855,
            "Precision": 0.45161290322580644,
            "Recall": 0.3783783783783784,
            "F1 Score": 0.4117647058823529,
            "Confusion Matrix": [
                [
                    16,
                    17
                ],
                [
                    23,
                    14
                ]
            ]
        },
        "XGBOOST": {
            "Accuracy": 0.5285714285714286,
            "Precision": 0.5625,
            "Recall": 0.4864864864864865,
            "F1 Score": 0.5217391304347826,