{
    "AAPL": {
        "SVM": {
            "Accuracy": 0.6458333333333334,
            "Precision": 0.6153846153846154,
            "Recall": 0.9230769230769231,
            "F1 Score": 0.7384615384615385,
            "Confusion Matrix": [
                [
                    7,
                    15
                ],
                [
                    2,
                    24
                ]
            ]
        },
        "MLP": {
            "Accuracy": 0.5833333333333334,
            "Precision": 0.5833333333333334,
            "Recall": 0.8076923076923077,
            "F1 Score": 0.6774193548387096,
            "Confusion Matrix": [
                [
                    7,
                    15
                ],
                [
                    5,
                    21
                ]
            ]
        },
        "RANDOM FOREST": {
            "Accuracy": 0.6041666666666666,
            "Precision": 0.5777777777777777,
            "Recall": 1.0,
            "F1 Score": 0.7323943661971831,
            "Confusion Matrix": [
                [
                    3,
                    19
                ],
                [
                    0,
                    26
                ]
            ]
        },
        "XGBOOST": {
            "Accuracy": 0.5416666666666666,
            "Precision": 0.5555555555555556,
            "Recall": 0.7692307692307693,
            "F1 Score": 0.6451612903225806,
            "Confusion Matrix": [
                [
                    6,
                    16
                ],
                [
                    6,
                    20
                ]
            ]
        }
    },
    "PETR4.SA": {
        "SVM": {
            "Accuracy": 0.5416666666666666,
            "Precision": 0.5416666666666666,
            "Recall": 0.5416666666666666,
            "F1 Score": 0.5416666666666666,
            "Confusion Matrix": [
                [
                    13,
                    11
                ],
                [
                    11,
                    13
                ]
            ]
        },
        "MLP": {
            "Accuracy": 0.5416666666666666,
            "Precision": 0.5277777777777778,
            "Recall": 0.7916666666666666,
            "F1 Score": 0.6333333333333333,
            "Confusion Matrix": [
                [
                    7,
                    17
                ],
                [
                    5,
                    19
                ]
            ]
        },
        "RANDOM FOREST": {
            "Accuracy": 0.4791666666666667,
            "Precision": 0.48148148148148145,
            "Recall": 0.5416666666666666,
            "F1 Score": 0.5098039215686274,
            "Confusion Matrix": [
                [
                    10,
                    14
                ],
                [
                    11,
                    13
                ]
            ]
        },
        "XGBOOST": {
            "Accuracy": 0.6041666666666666,
            "Precision": 0.5806451612903226,
            "Recall": 0.75,
            "F1 Score": 0.6545454545454545,
            "Confusion Matrix": [
                [
                    11,
                    13
                ],
                [
                    6,
                    18
                ]
            ]
        }
    },
    "IVVB11.SA": {
        "SVM": {
            "Accuracy": 0.3333333333333333,
            "Precision": 0.3333333333333333,
            "Recall": 0.3333333333333333,
            "F1 Score": 0.3333333333333333,
            "Confusion Matrix": [
                [
                    8,
                    16
                ],
                [
                    16,
                    8
                ]
            ]
        },
        "MLP": {
            "Accuracy": 0.4375,
            "Precision": 0.42105263157894735,
            "Recall": 0.3333333333333333,
            "F1 Score": 0.37209302325581395,
            "Confusion Matrix": [
                [
                    13,
                    11
                ],
                [
                    16,
                    8
                ]
            ]
        },
        "RANDOM FOREST": {
            "Accuracy": 0.5208333333333334,
            "Precision": 0.5161290322580645,
            "Recall": 0.6666666666666666,
            "F1 Score": 0.5818181818181818,
            "Confusion Matrix": [
                [
                    9,
                    15
                ],
                [
                    8,
                    16
                ]
            ]
        },
        "XGBOOST": {
            "Accuracy": 0.3958333333333333,
            "Precision": 0.4,
            "Recall": 0.4166666666666667,
            "F1 Score": 0.40816326530612246,
            "Confusion Matrix": [
                [
                    9,
                    15
                ],
                [
                    14,
                    10
                ]
            ]
        }
    },
    "VALE3.SA": {
        "SVM": {
            "Accuracy": 0.5416666666666666,
            "Precision": 0.5909090909090909,
            "Recall": 0.5,
            "F1 Score": 0.5416666666666666,
            "Confusion Matrix": [
                [
                    13,
                    9
                ],
                [
                    13,
                    13
                ]
            ]
        },
        "MLP": {
            "Accuracy": 0.6458333333333334,
            "Precision": 0.6956521739130435,
            "Recall": 0.6153846153846154,
            "F1 Score": 0.6530612244897959,
            "Confusion Matrix": [
                [
                    15,
                    7
                ],
                [
                    10,
                    16
                ]
            ]
        },
        "RANDOM FOREST": {
            "Accuracy": 0.5208333333333334,
            "Precision": 0.5652173913043478,
            "Recall": 0.5,
            "F1 Score": 0.5306122448979592,
            "Confusion Matrix": [
                [
                    12,
                    10
                ],
                [
                    13,
                    13
                ]
            ]
        },
        "XGBOOST": {
            "Accuracy": 0.5833333333333334,
            "Precision": 0.6153846153846154,
            "Recall": 0.6153846153846154,
            "F1 Score": 0.6153846153846154,
            "Confusion Matrix": [
                [
                    12,
                    10
                ],
                [
                    10,
                    16
                ]
            ]
        }
    },
    "BTC-USD": {
        "SVM": {
            "Accuracy": 0.4084507042253521,
            "Precision": 0.40625,
            "Recall": 0.3611111111111111,
            "F1 Score": 0.38235294117647056,
            "Confusion Matrix": [
                [
                    16,
                    19
                ],
                [
                    23,
                    13
                ]
            ]
        },
        "MLP": {
            "Accuracy": 0.43661971830985913,
            "Precision": 0.4166666666666667,
            "Recall": 0.2777777777777778,
            "F1 Score": 0.3333333333333333,
            "Confusion Matrix": [
                [
                    21,
                    14
                ],
                [
                    26,
                    10
                ]
            ]
        },
        "RANDOM FOREST": {
            "Accuracy": 0.49295774647887325,
            "Precision": 0.5,
            "Recall": 0.6666666666666666,
            "F1 Score": 0.5714285714285714,
            "Confusion Matrix": [
                [
                    11,
                    24
                ],
                [
                    12,
                    24
                ]
            ]
        },