{
    "AAPL": {
        "SVM": {
            "Accuracy": 0.6170212765957447,
            "Precision": 0.6666666666666666,
            "Recall": 0.5,
            "F1 Score": 0.5714285714285714,
            "Confusion Matrix": [
                [
                    17,
                    6
                ],
                [
                    12,
                    12
                ]
            ]
        },
        "MLP": {
            "Accuracy": 0.5106382978723404,
            "Precision": 0.5106382978723404,
            "Recall": 1.0,
            "F1 Score": 0.676056338028169,
            "Confusion Matrix": [
                [
                    0,
                    23
                ],
                [
                    0,
                    24
                ]
            ]
        },
        "RANDOM FOREST": {
            "Accuracy": 0.6595744680851063,
            "Precision": 0.6538461538461539,
            "Recall": 0.7083333333333334,
            "F1 Score": 0.68,
            "Confusion Matrix": [
                [
                    14,
                    9
                ],
                [
                    7,
                    17
                ]
            ]
        },
        "XGBOOST": {
            "Accuracy": 0.5957446808510638,
            "Precision": 0.6666666666666666,
            "Recall": 0.4166666666666667,
            "F1 Score": 0.5128205128205128,
            "Confusion Matrix": [
                [
                    18,
                    5
                ],
                [
                    14,
                    10
                ]
            ]
        }
    },
    "PETR4.SA": {
        "SVM": {
            "Accuracy": 0.6595744680851063,
            "Precision": 0.7777777777777778,
            "Recall": 0.3333333333333333,
            "F1 Score": 0.4666666666666667,
            "Confusion Matrix": [
                [
                    24,
                    2
                ],
                [
                    14,
                    7
                ]
            ]
        },
        "MLP": {
            "Accuracy": 0.6808510638297872,
            "Precision": 0.625,
            "Recall": 0.7142857142857143,
            "F1 Score": 0.6666666666666666,
            "Confusion Matrix": [
                [
                    17,
                    9
                ],
                [
                    6,
                    15
                ]
            ]
        },
        "RANDOM FOREST": {
            "Accuracy": 0.6808510638297872,
            "Precision": 0.65,
            "Recall": 0.6190476190476191,
            "F1 Score": 0.6341463414634146,
            "Confusion Matrix": [
                [
                    19,
                    7
                ],
                [
                    8,
                    13
                ]
            ]
        },
        "XGBOOST": {
            "Accuracy": 0.7659574468085106,
            "Precision": 0.6923076923076923,
            "Recall": 0.8571428571428571,
            "F1 Score": 0.7659574468085106,
            "Confusion Matrix": [
                [
                    18,
                    8
                ],
                [
                    3,
                    18
                ]
            ]
        }
    },
    "IVVB11.SA": {
        "SVM": {
            "Accuracy": 0.5957446808510638,
            "Precision": 0.7272727272727273,
            "Recall": 0.3333333333333333,
            "F1 Score": 0.45714285714285713,
            "Confusion Matrix": [
                [
                    20,
                    3
                ],
                [
                    16,
                    8
                ]
            ]
        },
        "MLP": {
            "Accuracy": 0.6170212765957447,
            "Precision": 0.59375,
            "Recall": 0.7916666666666666,
            "F1 Score": 0.6785714285714286,
            "Confusion Matrix": [
                [
                    10,
                    13
                ],
                [
                    5,
                    19
                ]
            ]
        },
        "RANDOM FOREST": {
            "Accuracy": 0.6170212765957447,
            "Precision": 0.5882352941176471,
            "Recall": 0.8333333333333334,
            "F1 Score": 0.6896551724137931,
            "Confusion Matrix": [
                [
                    9,
                    14
                ],
                [
                    4,
                    20
                ]
            ]
        },
        "XGBOOST": {
            "Accuracy": 0.6595744680851063,
            "Precision": 0.6538461538461539,
            "Recall": 0.7083333333333334,
            "F1 Score": 0.68,
            "Confusion Matrix": [
                [
                    14,
                    9
                ],
                [
                    7,
                    17
                ]
            ]
        }
    },
    "VALE3.SA": {
        "SVM": {
            "Accuracy": 0.7446808510638298,
            "Precision": 0.75,
            "Recall": 0.75,
            "F1 Score": 0.75,
            "Confusion Matrix": [
                [
                    17,
                    6
                ],
                [
                    6,
                    18
                ]
            ]
        },
        "MLP": {
            "Accuracy": 0.48936170212765956,
            "Precision": 0.5,
            "Recall": 0.875,
            "F1 Score": 0.6363636363636364,
            "Confusion Matrix": [
                [
                    2,
                    21
                ],
                [
                    3,
                    21
                ]
            ]
        },
        "RANDOM FOREST": {
            "Accuracy": 0.7659574468085106,
            "Precision": 0.8421052631578947,
            "Recall": 0.6666666666666666,
            "F1 Score": 0.7441860465116279,
            "Confusion Matrix": [
                [
                    20,
                    3
                ],
                [
                    8,
                    16
                ]
            ]
        },
        "XGBOOST": {
            "Accuracy": 0.7872340425531915,
            "Precision": 0.75,
            "Recall": 0.875,
            "F1 Score": 0.8076923076923077,
            "Confusion Matrix": [
                [
                    16,
                    7
                ],
                [
                    3,
                    21
                ]
            ]
        }
    },
    "BTC-USD": {
        "SVM": {
            "Accuracy": 0.6571428571428571,
            "Precision": 0.6756756756756757,
            "Recall": 0.6756756756756757,
            "F1 Score": 0.6756756756756757,
            "Confusion Matrix": [
                [
                    21,
                    12
                ],
                [
                    12,
                    25
                ]
            ]
        },
        "MLP": {
            "Accuracy": 0.5428571428571428,
            "Precision": 0.5362318840579711,
            "Recall": 1.0,
            "F1 Score": 0.6981132075471698,
            "Confusion Matrix": [
                [
                    1,
                    32
                ],
                [
                    0,
                    37
                ]
            ]
        },
        "RANDOM FOREST": {
            "Accuracy": 0.6142857142857143,
            "Precision": 0.5833333333333334,
            "Recall": 0.9459459459459459,
            "F1 Score": 0.7216494845360825,
            "Confusion Matrix": [
                [
                    8,
                    25
                ],
                [
                    2,
                    35
                ]
            ]
        },
        "XGBOOST": {
            "Accuracy": 0.6142857142857143,
            "Precision": 0.625,