{
    "AAPL": {
        "SVM": {
            "Accuracy": 0.5319148936170213,
            "Precision": 0.5454545454545454,
            "Recall": 0.5,
            "F1 Score": 0.5217391304347826,
            "Confusion Matrix": [
                [
                    13,
                    10
                ],
                [
                    12,
                    12
                ]
            ]
        },
        "MLP": {
            "Accuracy": 0.5319148936170213,
            "Precision": 1.0,
            "Recall": 0.08333333333333333,
            "F1 Score": 0.15384615384615385,
            "Confusion Matrix": [
                [
                    23,
                    0
                ],
                [
                    22,
                    2
                ]
            ]
        },
        "RANDOM FOREST": {
            "Accuracy": 0.5106382978723404,
            "Precision": 0.5151515151515151,
            "Recall": 0.7083333333333334,
            "F1 Score": 0.5964912280701754,
            "Confusion Matrix": [
                [
                    7,
                    16
                ],
                [
                    7,
                    17
                ]
            ]
        },
        "XGBOOST": {
            "Accuracy": 0.5319148936170213,
            "Precision": 0.5357142857142857,
            "Recall": 0.625,
            "F1 Score": 0.5769230769230769,
            "Confusion Matrix": [
                [
                    10,
                    13
                ],
                [
                    9,
                    15
                ]
            ]
        }
    },
    "PETR4.SA": {
        "SVM": {
            "Accuracy": 0.5957446808510638,
            "Precision": 0.5416666666666666,
            "Recall": 0.6190476190476191,
            "F1 Score": 0.5777777777777777,
            "Confusion Matrix": [
                [
                    15,
                    11
                ],
                [
                    8,
                    13
                ]
            ]
        },
        "MLP": {
            "Accuracy": 0.5319148936170213,
            "Precision": 0.0,
            "Recall": 0.0,
            "F1 Score": 0.0,
            "Confusion Matrix": [
                [
                    25,
                    1
                ],
                [
                    21,
                    0
                ]
            ]
        },
        "RANDOM FOREST": {
            "Accuracy": 0.5957446808510638,
            "Precision": 0.5454545454545454,
            "Recall": 0.5714285714285714,
            "F1 Score": 0.5581395348837209,
            "Confusion Matrix": [
                [
                    16,
                    10
                ],
                [
                    9,
                    12
                ]
            ]
        },
        "XGBOOST": {
            "Accuracy": 0.6808510638297872,
            "Precision": 0.6153846153846154,
            "Recall": 0.7619047619047619,
            "F1 Score": 0.6808510638297872,
            "Confusion Matrix": [
                [
                    16,
                    10
                ],
                [
                    5,
                    16
                ]
            ]
        }
    },
    "IVVB11.SA": {
        "SVM": {
            "Accuracy": 0.6595744680851063,
            "Precision": 0.7857142857142857,
            "Recall": 0.4583333333333333,
            "F1 Score": 0.5789473684210527,
            "Confusion Matrix": [
                [
                    20,
                    3
                ],
                [
                    13,
                    11
                ]
            ]
        },
        "MLP": {
            "Accuracy": 0.48936170212765956,
            "Precision": 0.5,
            "Recall": 0.3333333333333333,
            "F1 Score": 0.4,
            "Confusion Matrix": [
                [
                    15,
                    8
                ],
                [
                    16,
                    8
                ]
            ]
        },
        "RANDOM FOREST": {
            "Accuracy": 0.48936170212765956,
            "Precision": 0.5,
            "Recall": 0.625,
            "F1 Score": 0.5555555555555556,
            "Confusion Matrix": [
                [
                    8,
                    15
                ],
                [
                    9,
                    15
                ]
            ]
        },
        "XGBOOST": {
            "Accuracy": 0.5106382978723404,
            "Precision": 0.5161290322580645,
            "Recall": 0.6666666666666666,
            "F1 Score": 0.5818181818181818,
            "Confusion Matrix": [
                [
                    8,
                    15
                ],
                [
                    8,
                    16
                ]
            ]
        }
    },
    "VALE3.SA": {
        "SVM": {
            "Accuracy": 0.574468085106383,
            "Precision": 0.5769230769230769,
            "Recall": 0.625,
            "F1 Score": 0.6,
            "Confusion Matrix": [
                [
                    12,
                    11
                ],
                [
                    9,
                    15
                ]
            ]
        },
        "MLP": {
            "Accuracy": 0.574468085106383,
            "Precision": 0.7,
            "Recall": 0.2916666666666667,
            "F1 Score": 0.4117647058823529,
            "Confusion Matrix": [
                [
                    20,
                    3
                ],
                [
                    17,
                    7
                ]
            ]
        },
        "RANDOM FOREST": {
            "Accuracy": 0.46808510638297873,
            "Precision": 0.4666666666666667,
            "Recall": 0.2916666666666667,
            "F1 Score": 0.358974358974359,
            "Confusion Matrix": [
                [
                    15,
                    8
                ],
                [
                    17,
                    7
                ]
            ]
        },
        "XGBOOST": {
            "Accuracy": 0.5319148936170213,
            "Precision": 0.5384615384615384,
            "Recall": 0.5833333333333334,
            "F1 Score": 0.56,
            "Confusion Matrix": [
                [
                    11,
                    12
                ],
                [
                    10,
                    14
                ]
            ]
        }
    },
    "BTC-USD": {
        "SVM": {
            "Accuracy": 0.5142857142857142,
            "Precision": 0.5652173913043478,
            "Recall": 0.35135135135135137,
            "F1 Score": 0.43333333333333335,
            "Confusion Matrix": [
                [
                    23,
                    10
                ],
                [
                    24,
                    13
                ]
            ]
        },
        "MLP": {
            "Accuracy": 0.4714285714285714,
            "Precision": 0.5,
            "Recall": 0.02702702702702703,
            "F1 Score": 0.05128205128205128,
            "Confusion Matrix": [
                [
                    32,
                    1
                ],
                [
                    36,
                    1
                ]
            ]
        },
        "RANDOM FOREST": {
            "Accuracy": 0.5142857142857142,
            "Precision": 0.5348837209302325,
            "Recall": 0.6216216216216216,
            "F1 Score": 0.575,
            "Confusion Matrix": [
                [
                    13,
                    20
                ],
                [
                    14,
                    23
                ]
            ]
        },
        "XGBOOST": {
            "Accuracy": 0.5714285714285714,
            "Precision": 0.574468085106383,